
         Data Manipulation Language

solution of query 1 :
 
SQL> create table employee as select * from emp where 1=3;

Table created.

SQL> desc employee;
 Name                                      Null?    Type
 ----------------------------------------- -------- ----------------------------
 EMPNO                                     NOT NULL NUMBER(4)
 ENAME                                              VARCHAR2(10)
 JOB                                                VARCHAR2(9)
 MGR                                                NUMBER(4)
 HIREDATE                                           DATE
 SAL                                                NUMBER(7,2)
 COMM                                               NUMBER(7,2)
 DEPTNO                                             NUMBER(2)

SQL> select * from employee;

no rows selected

solution of query 2 :



SQL> select * from employee;

     EMPNO ENAME      JOB              MGR HIREDATE         SAL       COMM
---------- ---------- --------- ---------- --------- ---------- ----------
    DEPTNO
----------
      7369 smith                                            800
        20

      7499 allen                                           1600
        30

      7521 ward                                            1250
        30


     EMPNO ENAME      JOB              MGR HIREDATE         SAL       COMM
---------- ---------- --------- ---------- --------- ---------- ----------
    DEPTNO
----------
      7566 jones                                           2975
        20

      7654 martin                                          1250
        30

      7698 blake                                           2850
        30


     EMPNO ENAME      JOB              MGR HIREDATE         SAL       COMM
---------- ---------- --------- ---------- --------- ---------- ----------
    DEPTNO
----------
      7782 clark                                           2450
        10

      7788 scott                                           3000
        20

      7839 turner                                          1500
        30


     EMPNO ENAME      JOB              MGR HIREDATE         SAL       COMM
---------- ---------- --------- ---------- --------- ---------- ----------
    DEPTNO
----------
      7844 king                                            5000
        10

      7876 adams                                           1100
        20

      7900 james                                            950
        30


     EMPNO ENAME      JOB              MGR HIREDATE         SAL       COMM
---------- ---------- --------- ---------- --------- ---------- ----------
    DEPTNO
----------
      7902 ford                                            3000
        20

      7934 miller                                          1300
        10


14 rows selected.

solution of query 3 :


SQL> update employee set job=(select job from employee where empno=7788), deptno=(select deptno from employee where deptno=7788) where empno=7698;

1 row updated.


solution of query 4 :


SQL> delete from employee where deptno=(select deptno from department_master where dept_name like '%sales%');

0 rows deleted.


solution of query 5 :



SQL> update employee set deptno=(select deptno from employee where deptno=7788) where empno=7698;

1 row updated.

SQL> select * from employee;

     EMPNO ENAME      JOB              MGR HIREDATE         SAL       COMM
---------- ---------- --------- ---------- --------- ---------- ----------
    DEPTNO
----------
      7369 smith                                            800
        20

      7499 allen                                           1600
        30

      7521 ward                                            1250
        30


     EMPNO ENAME      JOB              MGR HIREDATE         SAL       COMM
---------- ---------- --------- ---------- --------- ---------- ----------
    DEPTNO
----------
      7566 jones                                           2975
        20

      7654 martin                                          1250
        30

      7698 blake                                           2850



     EMPNO ENAME      JOB              MGR HIREDATE         SAL       COMM
---------- ---------- --------- ---------- --------- ---------- ----------
    DEPTNO
----------
      7782 clark                                           2450
        10

      7788 scott                                           3000


      7839 turner                                          1500
        30


     EMPNO ENAME      JOB              MGR HIREDATE         SAL       COMM
---------- ---------- --------- ---------- --------- ---------- ----------
    DEPTNO
----------
      7844 king                                            5000
        10

      7876 adams                                           1100
        20

      7900 james                                            950
        30


     EMPNO ENAME      JOB              MGR HIREDATE         SAL       COMM
---------- ---------- --------- ---------- --------- ---------- ----------
    DEPTNO
----------
      7902 ford                                            3000
        20

      7934 miller                                          1300
        10


14 rows selected.

solution of query 6 :


SQL> insert into employee values(&empno,&ename,&job,&mgr,&hiredate,&sal,&comm,&deptno);
Enter value for empno: 1000
Enter value for ename: 'allen'
Enter value for job: 'clerk'
Enter value for mgr: 1001
Enter value for hiredate: '12-jan-01'
Enter value for sal: 3000
Enter value for comm: 2
Enter value for deptno: 10
old   1: insert into employee values(&empno,&ename,&job,&mgr,&hiredate,&sal,&comm,&deptno)
new   1: insert into employee values(1000,'allen','clerk',1001,'12-jan-01',3000,2,10)

1 row created.


SQL> insert into employee(empno,ename,job,hiredate,sal,comm,deptno) values(&empno,&ename,&job,&hiredate,&sal,&comm,&deptno);
Enter value for empno: 1001
Enter value for ename: 'george'
Enter value for job: 'analyst'
Enter value for hiredate: '08-sep-92'
Enter value for sal: 5000
Enter value for comm: 0
Enter value for deptno: 10
old   1: insert into employee(empno,ename,job,hiredate,sal,comm,deptno) values(&empno,&ename,&job,&hiredate,&sal,&comm,&deptno)
new   1: insert into employee(empno,ename,job,hiredate,sal,comm,deptno) values(1001,'george','analyst','08-sep-92',5000,0,10)

1 row created.

SQL> insert into employee values(&empno,&ename,&job,&mgr,&hiredate,&sal,&comm,&deptno);
Enter value for empno: 1002
Enter value for ename: 'becker'
Enter value for job: 'manager'
Enter value for mgr: 1000
Enter value for hiredate: '4-nov-92'
Enter value for sal: 2800
Enter value for comm: 4
Enter value for deptno: 20
old   1: insert into employee values(&empno,&ename,&job,&mgr,&hiredate,&sal,&comm,&deptno)
new   1: insert into employee values(1002,'becker','manager',1000,'4-nov-92',2800,4,20)

1 row created.

SQL> insert into employee values(&empno,&ename,&job,&mgr,&hiredate,&sal,&comm,&deptno);
Enter value for empno: 1003
Enter value for ename: 'bill'
Enter value for job: 'clerk'
Enter value for mgr: 1002
Enter value for hiredate: '4-nov-92'
Enter value for sal: 3000
Enter value for comm: 0
Enter value for deptno: 20
old   1: insert into employee values(&empno,&ename,&job,&mgr,&hiredate,&sal,&comm,&deptno)
new   1: insert into employee values(1003,'bill','clerk',1002,'4-nov-92',3000,0,20)

1 row created.

SQL> select * from employee;

     EMPNO ENAME      JOB              MGR HIREDATE         SAL       COMM
---------- ---------- --------- ---------- --------- ---------- ----------
    DEPTNO
----------
      7369 smith                                            800
        20

      7499 allen                                           1600
        30

      7521 ward                                            1250
        30


     EMPNO ENAME      JOB              MGR HIREDATE         SAL       COMM
---------- ---------- --------- ---------- --------- ---------- ----------
    DEPTNO
----------
      7566 jones                                           2975
        20

      7654 martin                                          1250
        30

      7698 blake                                           2850



     EMPNO ENAME      JOB              MGR HIREDATE         SAL       COMM
---------- ---------- --------- ---------- --------- ---------- ----------
    DEPTNO
----------
      7782 clark                                           2450
        10

      7788 scott                                           3000


      7839 turner                                          1500
        30


     EMPNO ENAME      JOB              MGR HIREDATE         SAL       COMM
---------- ---------- --------- ---------- --------- ---------- ----------
    DEPTNO
----------
      7844 king                                            5000
        10

      7876 adams                                           1100
        20

      7900 james                                            950
        30


     EMPNO ENAME      JOB              MGR HIREDATE         SAL       COMM
---------- ---------- --------- ---------- --------- ---------- ----------
    DEPTNO
----------
      7902 ford                                            3000
        20

      7934 miller                                          1300
        10

      1000 allen      clerk           1001 12-JAN-01       3000          2
        10


     EMPNO ENAME      JOB              MGR HIREDATE         SAL       COMM
---------- ---------- --------- ---------- --------- ---------- ----------
    DEPTNO
----------
      1001 george     analyst              08-SEP-92       5000          0
        10

      1002 becker     manager         1000 04-NOV-92       2800          4
        20

      1003 bill       clerk           1002 04-NOV-92       3000          0
        20


18 rows selected.






